author,country,author_reviews_count,rating,text,date,url,timestamp
Aliya Gassanova,,,1,,2025-09-04T19:24:16.000Z,https://fr.trustpilot.com/review/www.decathlon.fr?page=1,2025-09-05 18:52:00.576888
Micaela Santos,,,1,,2025-09-02T13:46:18.000Z,https://fr.trustpilot.com/review/www.decathlon.fr?page=1,2025-09-05 18:52:00.576888
KOROGLU osman,,,1,,2025-08-20T15:45:51.000Z,https://fr.trustpilot.com/review/www.decathlon.fr?page=1,2025-09-05 18:52:00.576888
Nathalie,,,1,,2025-09-02T14:41:35.000Z,https://fr.trustpilot.com/review/www.decathlon.fr?page=1,2025-09-05 18:52:00.576888
Aliya Gassanova,FR,1.0,1,"Exp√©rience tres d√©cevante au CNIT de La D√©fense .Une paire de baskets junior s‚Äôest anormalement us√©e au niveau de la semelle et le mat√©riel dessus a jauni , impossible de retirer .Celle qui s‚Äôest pr√©sent√©e en tant que responsable service client avec un regard dur et sans aucun sourire me dit : vous vous rendez si tous les parents vont ramener les chaussures us√©es , on ne s‚Äôen sort pas¬†¬ªAlors que mon fils porte les produits D√©cathlon depuis tout petit, il a aussi la trottinette √©lectrique d√©cathlon, et pas que.Aucune empathie, m√™me pas pour prendre en compte la fid√©lit√© pendant des ann√©es , ni m√™me regarder la date d‚Äôachat .Surtout que cela arrive une premi√®re fois.C‚Äôest pas grave, on ira chez le concurrent la prochaine fois !!!",2025-09-04T19:24:16.000Z,https://fr.trustpilot.com/review/www.decathlon.fr?page=1,2025-09-05 18:52:00.576888
Nicolas F,FR,1.0,1,Le tee shirt manche longue m√©rinos fin comme du papier a cigarette a 53euro. Ne m'a pas fait l'ann√©e.Decathlon est devenu une grosse √©norme arnaque.,2025-09-04T13:35:39.000Z,https://fr.trustpilot.com/review/www.decathlon.fr?page=1,2025-09-05 18:52:00.576888
nek,FR,7.0,1,"je met 1 √©toile en pr√©cisant que mon avis concerne uniquement les atelier decathlon (et si c'√©tait seulement la note pour les ateliers de ma r√©gion je mettrais ZERO , c'est tout ce que ca vaut).. j'en ai fait plusieurs et je me pose beaucoup de questions devant des similitudes des r√©ponses que l'on obtient de leur part.., incomp√©tence totale ou politique qui vise √† pousser √† l'achat de mat√©riel neuf plutot que de vraiment aider √† r√©parer l'ancien mat√©riel ? (mat√©riel achet√© chez decathlon , rien de bien exotique)(je pr√©cise que dans ma r√©gion , decathlon est loin d'√™tre le seul √† √™tre concern√©, je n'ai simplement pas trouv√© d'atelier qui me paraisse 100% clair sur ce genre de pratiques, j'ai des ""anecdotes"" qui concerne 80% des ateliers de ma r√©gion, les 20% restant je ne cherche m√™me plus √† perdre de temps √† aller les voir, j'apprends √† entretenir mon v√©lo seul , c'est tout ce qu'ils ont r√©colt√©s )... concernant d√©cathlon , je donne 2 exemples r√©cents : je ramene un v√©lo pour un probleme de frottement du d√©railleur avant quand on appuie fort √† la relance (quelque soit le reglage des butees et de la tension du cable etc) , que se passe t 'il sur le devis d√©crivant la r√©paration ? en petit caract√®res on transforme le mot ""frottement"" en ""craquement"" et on me change une piece qui n'a rien a voir avec le probleme , et bien sur le probleme persiste (oblig√© de faire 3 aller retour , pour leur mettre le doigt sur le probleme , la premiere fois ils me font comprendre qu'ils ont compris , puis au fur et √† mesure ils ne voient plus le probleme, et ca devient moi le probleme.., soit disant on est pas cens√© appuyer sur la p√©dale aussi fort pour relancer etc , des explications les plus tir√©es par les cheveux les unes que les autres , ils ne doutent de rien et sont capables de s'y mettre √† plusieurs pour essayer de vous faire douter...) au final j'ai chang√© moi m√™me le mod√®le de p√©dalier pour un boitier de p√©dalier plus rigide (hollowtech2 vs axe carr√©) et j'ai solutionn√© le probleme , √† aucun moment les ateliers n'ont √©t√© capables de proposer cette solution (peut etre parce que cela questionnait surtout la conception de base du v√©lo j'imagine...)Une autre fois je ram√®ne une roue, de v√©lo achet√© d'occasion , roue vendue sur un v√©lo decathlon donc.. sauf que la personne qui m'a vendu la roue avait fait des modifications incompatibles, ..donc je vais chez decathlon pour qu'ils me donnent la r√©f√©rence d'origine de la piece qui a √©t√© modifi√©e (je passe sur le fait qu'ils sont incapables de r√©pondre √† cette question simple par mail et forcent √† prendre un rendez vous). Et l√† , la seule chose qu'on me r√©pond c'est , ""on ne peut rien faire""... une piece a priori standard vendue sur un v√©lo decathlon (btwin) qu'ils ont vendu il y a 8 ans, ils ne sont pas capables d'en donner la r√©f√©rence (sachant que c'est une piece qu'on doit trouver sur le web assez facilement, mais l√† aussi il m'aurait fallut un minimum d'information sur les caract√©ristiques de la piece d'origine) , et a aucun moment ne cherchent √† trouver une solution .. devant mon incr√©dulit√© ils me r√©p√®tent 4 ou 5 fois ""on ne peut rien faire"" sans autre pr√©cision .. et l√† aussi je passe sur le ton condescendant malgr√© ma demande simplissime , je demandais juste une r√©f√©rence , mais eux partent du principe qu'on √† tort (oblig√© de passer 20 min √† prouver que la piece n'est pas l'originale etc) et que les demandes sont faites par des gens sans connaissances et ils nous le font bien ressentir ..... le pire dans tout ca c'est que si on √©crit √† decathlon pour demander une r√©f√©rence on est redirig√© vers ces m√™mes ateliers , il n'y a aucun moyen apparemment d'avoir quelqu'un qui serait capable de chercher dans une base de donn√©e pour avoir des r√©f√©rences de pi√®ces d√©tach√©es , ... bref ma roue est inutilisable √† cause d'une petite pi√®ce .. et ca veut se faire passer pour une entreprise ""responsable"" ... dans la r√©alit√© on est dans le greenwashing, avec cette r√©tention d'information pour forcer √† racheter du neuf (si on m'avait donn√© une explication au moins √† cette incapacit√© √† trouver l'information , mais rien , juste ""on ne peut rien faire"") absurde , ahurissant, d√©solant , exasp√©rant, catastrophique , FUYEZ ces ateliers , apprenez l'entretien de base de vos v√©los par vous m√™me c'est loin d'√™tre compliqu√©, les ateliers v√©lo ont tellement de travail apparemment qu'ils se permettent d√©sormais de vous traiter comme des num√©ros sans int√©r√™t et tant pis pour le service, le temps perdu , et les probl√®mes irr√©solus , c'est pas leur probl√®me , ils ont bien assez de gens √† baratiner",2025-09-03T16:48:29.000Z,https://fr.trustpilot.com/review/www.decathlon.fr?page=1,2025-09-05 18:52:00.576888
Nathalie,FR,1.0,1,"La date estim√©e de livraison a √©t√© d√©pass√©e d' une semaine, Le d√©faut de commande n'a pas √©t√© justifi√© et a occasionn√© un retard cons√©quent sans que le suivi de commande ne soit mis √† jour, il m'a fallu appeler le SAV sans avoir plus d'explication. Dommage car les produits sont de bonne qualit√©...",2025-09-02T14:41:35.000Z,https://fr.trustpilot.com/review/www.decathlon.fr?page=1,2025-09-05 18:52:00.576888
Micaela Santos,CH,1.0,1,"Service client horrible et impossible √† naviguer. Ces bots horribles qui ne servent √† rien, des √©changes coup√©es √† court par le syst√®me et une semaine pour r√©pondre, ce qui fait que l‚Äôarticle souhait√© n‚Äôest plus disponible",2025-09-02T13:46:18.000Z,https://fr.trustpilot.com/review/www.decathlon.fr?page=1,2025-09-05 18:52:00.576888
St√©phy,FR,4.0,4,Bonne exp√©rience en magasin et sur l'appli.,2025-09-02T11:57:46.000Z,https://fr.trustpilot.com/review/www.decathlon.fr?page=1,2025-09-05 18:52:00.576888
O PAI,FR,1.0,1,"D√©cathlon city boulevard saint germain paris :Venez faire vos achats uniquement si vous voulez √™tre agress√©s √† la sortie !! 2 fois que le personnel de caisse est d√©sagr√©able. 2 fois que les vigiles me suivent sur le trottoir √† la sortie et veulent me tra√Æner de force √† l‚Äôint√©rieur alors que je paie tous mes achats √† la caisse automatique. S‚Äôensuivent des √©changes non courtois, des menaces, des cl√©s de bras, des poussettes. D√©lit de faci√®s ? A la fin : pas d‚Äôexcuse. Rien. Vous avez un vrai probl√®me. Je suis un gentil mais la prochaine fois √ßa va pas passer.",2025-08-30T15:30:29.000Z,https://fr.trustpilot.com/review/www.decathlon.fr?page=1,2025-09-05 18:52:00.576888
Anne Briand,FR,2.0,1,La carte de fid√©lit√© qui est d√©risoire ne vaut pas le coup et en plus elle est limit√©e dans le temps.Maintenant c'est d√©cid√©  je commande sur aliexpress ou temu et la livraison est rapide et gratuite,2025-08-28T18:50:23.000Z,https://fr.trustpilot.com/review/www.decathlon.fr?page=1,2025-09-05 18:52:00.576888
Pierre MORTREUX,FR,30.0,5,J'ai achet√© tout le mat√©riel pour pr√©parer la rentr√©e au scouts de mes enfants. Il y a tout ce que je veux √† un tr√®s bon prix,2025-08-28T14:40:57.000Z,https://fr.trustpilot.com/review/www.decathlon.fr?page=1,2025-09-05 18:52:00.576888
Thomas L.,FR,13.0,1,"D√©cathlon Original (muhahaha)ne vous y m√©prenez pas,1 √©toile et c'est pour les rires que cela a provoqu√© √† la maison !!Je m'explique factuellement.je suis le propri√©taire de 2 VAE original 920e (un √† moi , le 2e pour ma fille qui allait √† l'universit√©).Celui de ma fille a eu de tr√®s nombreux soucis ""moteur"" et d'alimentation √©lectrique. Ce qui lui a valut plusieurs s√©jour √† l'atelier D√©cathlon.En ce qui concerne le miens, le soucis es d√ª √† un probl√®me moteur, mais ce n'est pas la  faute de D√©cathlon, mais plut√¥t de la ville o√π je vis car les pistes cyclables sont en tr√®s tr√®s mauvais √©tat et pr√®s de 18 000 Km parcouru.Ayant les 2 v√©los HS et √©tant un brin bricoleur, je me suis lanc√© dans la remise en √©tat d'un v√©lo en le compl√©tant avec les pi√®ces du second.Lors du d√©montage du bloc batterie pour atteindre le pi√®ce √©lectronique √† l'int√©rieur, j'ai eu l'heureuse surprise de trouver 3 type de visses diff√©rentes pour le v√©lo de ma fille, visse noire principalement d'origine, mais aussi des visses grises claires mais surtout, UNE VISSE A BOIS !!! Alors qu'en d√©montant le boitier de mon v√©lo, je n'ai trouv√© que des visses noires d'origine. Imaginez les rires en voyant une visse √† bois.Ayant trouv√© la cause du probl√®me, le fameux boitier √©lectronique, j'ai consult√© le QR code appos√© sur ce boitier, et encore une belle surprise, cela m'envoi sur des tuto d'utilisation d'√©couteurs bluetooth BLAUPUNKT !Que de rigolade, je vais d√®s demain me rendre au magasin d√©cathlon o√π je suis habitu√© afin de leur faire partager mes rigolades, je pense qu'ils vont rire JAUNE.Alors autant nous sommes toujours heureux d'une nouvelle acquisition, autant lorsque l'on creuse un peu, c'est pire que navrant.Si ce n'est pas se moquer du client ....A fuir absolument pour ce qui est des cycles de l'atelier et du SAVAlors c'est 2000 euros de perdu sauf si ils ont la possibilit√© de retrouver le dit boitier √©lectronique (mais pas chez BLAUPUNKT PTDR)Mais je pr√©f√®re aller payer + ch√®re chez un concurent o√π un ind√©pendant que de me refaire arnaquer de la sorte_____________________________________________________________J'ai d√©pos√© le boitier elec au SAV pour le remplacement(n'√©tant pas disponible √† la commande sur leur site) √† voir si D√©cathlon sera √† la hauteur de la demande du client, seront ils relever le D√©fi ?!",2025-08-28T13:45:13.000Z,https://fr.trustpilot.com/review/www.decathlon.fr?page=1,2025-09-05 18:52:00.576888
Lionel Lartigue,FR,3.0,1,"Achat d'une douche Quechua.Suite √† notre achat, l'embout de la douche nous a pos√© probl√®me, suite √† trois utilisations.J'ai voulu laisser un avis, car √† ce jour, Decathlon ne r√©pond pas √† notre demande.L'avis sur leur site a √©t√© refus√©, car soit disant ""Incoh√©rent"".Donc je me permet de signifier notre d√©ception concernant le produit d'une valeur de 60,00 ‚Ç¨, mais aussi de leur SAV.Je suis toujours dans l'attente afin d'avoir une douche en √©tat de fonctionnement pour nos road Trip.NATHALIE ET LIONEL",2025-08-27T18:35:55.000Z,https://fr.trustpilot.com/review/www.decathlon.fr?page=1,2025-09-05 18:52:00.576888
Didier Combet,FR,5.0,1,"Nul sur toute la ligne, un colis en attente depuis plusieurs, c'est honteux, termin√© avec decathlon!!!",2025-08-27T12:09:03.000Z,https://fr.trustpilot.com/review/www.decathlon.fr?page=1,2025-09-05 18:52:00.576888
client,FR,6.0,1,"J ai fait un p√©riple √† v√©lo et d√ª rentrer √† cause du d√©tailleur avant . Je d√©pose mon v√©lo √† decathlon Arles. On me dit : pas de probl√®me environ 2 √† 3 jours. En vacances une semaine je re√ßois le message pour r√©cup√©rer mon v√©lo. Je teste celui ci sur le parking. Les vitesses ne passent pas. Je ram√®ne le v√©lo et le soit disant m√©cano m affirme que √ßa marche. Je r√©essaye et non toujours pas. Nous convenons de changer le d√©railleur. Dans l histoire on a perdu 10 jours. Pour ce travail le v√©lo sera pr√™t d‚Äôas 48h maximum. Pas de nouvelles vendredi je vais au magasin et le pas du tout m√©cano me dit j ai eu du monde demain c est s√ªr il sera fait (samedi donc).Aujourd‚Äôhui mercredi sans nouvelles je vais au decathlon et bien s√ªr le v√©lo n a pas √©t√© r√©par√©. J ai demand√© le remboursement et sui parti avec mon v√©lo. Moralit√©, si tu veux acheter un peu moins cher, c est possible mais au niveau services, ils sont nuls. Je ne mettrais plus un pied chez decathlon. Je dois changer mon v√©lo N, j irai ailleurs",2025-08-27T12:05:20.000Z,https://fr.trustpilot.com/review/www.decathlon.fr?page=1,2025-09-05 18:52:00.576888
J√©sus,FR,25.0,1,"Refus de reprendre un v√©lo √©lectrique √† 1.300euro vendu par un partenaire presque inutilis√© car il i √† un probl√®me de saccade avec la batterie, alors que le v√©lo √† √©t√© achet√© sur leur site web.Des voleurs.Aucun SAV.",2025-08-26T20:54:33.000Z,https://fr.trustpilot.com/review/www.decathlon.fr?page=1,2025-09-05 18:52:00.576888
Patrick Zafran,FR,18.0,1,J‚Äôai mis 1 √©toile parce qu‚Äôon ne peut pas faire moins mais √ßa vaut z√©roJe parle du service en ligne,2025-08-26T16:38:49.000Z,https://fr.trustpilot.com/review/www.decathlon.fr?page=1,2025-09-05 18:52:00.576888
ERIKA DOUSSAIN,FR,12.0,1,J'ai achet√© un short via le site decathlon je viens de le recevoir et franchement la qualit√© des d√©tails des coutures n'est ni √† faire ni √† refaire pour un short √† 30balles tu te dis ya une certaine qualit√© √† avoir eh bah non apparemment.,2025-08-26T12:45:28.000Z,https://fr.trustpilot.com/review/www.decathlon.fr?page=1,2025-09-05 18:52:00.576888
nawal nawal,FR,5.0,1,D√©lai de remboursement pour un retour chez sport &go long! Derni√®re fois pour moi!,2025-08-25T17:12:15.000Z,https://fr.trustpilot.com/review/www.decathlon.fr?page=1,2025-09-05 18:52:00.576888
frederic vazart,FR,48.0,2,"Nouvelle pile dans un √©clairage avant de v√©lo :  3 AAA.Inop√©rants. Contacts et ressorts corrod√©s.Roulage de nuit n√©cessaire sans √©clairage public ponctuellement.  Photos √† dispos. Me les demander, svp, via cette plateforme. Mails, ici interdits",2025-08-25T12:23:04.000Z,https://fr.trustpilot.com/review/www.decathlon.fr?page=1,2025-09-05 18:52:00.576888
Secutor,FR,11.0,1,"Achet√© en ligne une powerball il y a plus de douze jours, le suivi annonce que la commande va ...bient√¥t lui √™tre confi√©e. Service client inexistant, injoignable. Achetez sur place √©ventuellement mais surtout pas en ligne c'est une catastrophe. Je voulais acheter de pr√©f√©rence sur un site fran√ßais plut√¥t que chez Ama...Grosse erreur!!!",2025-08-24T15:13:14.000Z,https://fr.trustpilot.com/review/www.decathlon.fr?page=1,2025-09-05 18:52:00.576888
Damien Her,FR,2.0,5,"Sav impeccable, √©changes ou remboursement facile si besoin .Tr√®s bon rapport qualit√© prix.",2025-08-24T11:10:59.000Z,https://fr.trustpilot.com/review/www.decathlon.fr?page=1,2025-09-05 18:52:00.576888
Aliya Gassanova,,,1,,2025-09-04T19:24:16.000Z,https://fr.trustpilot.com/review/www.decathlon.fr?page=2,2025-09-05 18:52:11.801913
Micaela Santos,,,1,,2025-09-02T13:46:18.000Z,https://fr.trustpilot.com/review/www.decathlon.fr?page=2,2025-09-05 18:52:11.801913
KOROGLU osman,,,1,,2025-08-20T15:45:51.000Z,https://fr.trustpilot.com/review/www.decathlon.fr?page=2,2025-09-05 18:52:11.801913
Nathalie,,,1,,2025-09-02T14:41:35.000Z,https://fr.trustpilot.com/review/www.decathlon.fr?page=2,2025-09-05 18:52:11.801913
Client MORIN . V.,FR,80.0,1,qualit√© du produit (basket)n'est pas l√† du toutrefuse les avis sur leur site internetje ne recommande pas,2025-08-24T09:32:59.000Z,https://fr.trustpilot.com/review/www.decathlon.fr?page=2,2025-09-05 18:52:11.801913
P B,FR,51.0,1,"J'ai command√© sur internet, pour me faire livrer en magasin.Je me dis que les produits ne seront pas abim√©s car pas manipul√©s par les clients en magasin.Finalement on me livre un produit d√©gueu, tach√© !Comment ne pas voir une daube pareil et oser l'envoyer au client ?!",2025-08-23T02:12:12.000Z,https://fr.trustpilot.com/review/www.decathlon.fr?page=2,2025-09-05 18:52:11.801913
Noure Lechemin,FR,1.0,1,"Nous avons achet√© 2 velos electriques qui ont cout√©s 2000 ‚Ç¨ , mal conseill√©s , nous avons voulu les rendre ,pour acheter 2 autres qui coresspondent √† nos attentes , le vendeur n'a pas voulu les reprendre , apres beacoup d' insistance , il a propos√© de les reprondre √† concurance de 50 % de leur valeur MAXIMUM .j'ai exprim√© ma perplexit√© , il a dit que meme si on venait de les acheter le jour meme , ils ne auraient pas √©t√© repris pour plus .je n'ai pas accept√© de perdre 1000 ‚Ç¨ voire plus en 5 semains seulement ..je me suis adressee √† Dacathlon √† Monaco ( fonvielle ) ils ( Valentin et Mathis) ont √©t√© tres sypmatiques , quoi que les velos n'ont pas √©t√© acheter chez eux , ils nous ont immediatement rembours√© LA TOTALITE des sommes payer soit 2000 ‚Ç¨  et en plus ils ont meme pas insist√© pour qu'on ait un avoir ou pour acheter immediatement d'autres velos √† la place .. par dessus tout ils sont professionnels , et bons commercants ..plus jamais nous retournerons acheter quoi que ce soit √† Decathlon Lingostiere , j'irais directement √† celui de Monaco ..je deconseille vivement Decathlon lingostiere",2025-08-21T20:38:55.000Z,https://fr.trustpilot.com/review/www.decathlon.fr?page=2,2025-09-05 18:52:11.801913
noemie nono,FR,2.0,1,"Paddle D√©cathlon ,risque d‚Äôaccident grave !!!Tr√®s mauvaise exp√©rience en SAVun paddle sous garantie , utilis√© moins de 10h en moins de deux ans, gonfl√© cet √©t√© une fois √† 9h00 √† l‚Äôombre, avec la pompe Decathlon pr√©vue √† cet effet, √† la pression recommand√©e par D√©cathlon, le d√©tail est important) √† 10h00 s‚Äôouvre en deux au niveau de la couture, nous le ramenons au D√©cathlon de Bourgoin Jallieu de bonne foie, le jour m√™me le 07/08/2025.On nous explique que le d√©lais d‚Äôexpertise est de deux semaines, qu‚Äôil y‚Äôa en effet eu des s√©ries d√©fectueuses par le pass√© sans rappel sur cette s√©rie (propos du vendeur devant t√©moin) mais aucune r√©ponse sur la ou les solutions possibles.Appel t√©l√©phonique ce jour 18/08/25 du Decathlon de Bourgoin Jallieu, pour nous expliquer que le paddle a effectivement explos√© de l‚Äôint√©rieur, visiblement une surpression survenue de l‚Äôint√©rieur probablement d√ª √† la chaleur.On me confirme que le probl√®me vient de l‚Äôint√©rieur du paddle.Je ne suis pas expert en physique mais j‚Äôai du mal √† comprendre qu‚Äôun paddle gonfl√© depuis une heure √† 10h00 du matin, au bord du lac d‚ÄôAiguebelette, √† l‚Äôombre , peut subir une surpression telle qu‚Äôil s‚Äôouvre en deux‚Ä¶En synth√®se,Paddle achet√© chez D√©cathlon bien plus ch√®re que chez d‚Äôautres fabricants (gage de confiance) il y a moins de deux ans.Utilis√© moins de dix fois, dans des conditions de pratique d√©butant, principalement en eau douce sur lac.S√©ch√©, conserv√© au sec, √† l‚Äôabri du soleil.Un appel t√©l√©phonique avec aucune prise en charge, une explication absurde (j‚Äôesp√®re que D√©cathlon est capable de fabriquer des mat√©riels capables de r√©sister aux peu de contraintes soumis dans les conditions que j‚Äôai d√©crit).Aucune solution possible, aucune excuse, tout est ok pour eux.Heureusement que cela ne s‚Äôest pas produit au milieu du lac , ou avec mon enfant allong√© dessus la t√™te proche au moment de la rupture.Mes enfants ou moi aurions pu √™tre gravement bless√© √† cause de ce paddle.On parle bien de mise en danger d‚Äôautrui,Conseil :La Marque Decathlon n‚Äôest plus un gage de s√©curit√©.Le SAV est inexistant, inutile de compter sur eux.Faites un maximum de photos pour prouver votre bonne foi, m√™me avec Decathlon‚Ä¶Pour avoir test√© d‚Äôautres marques de paddle n‚Äôachetez surtout pas D√©cathlon, m√™me si √ßa para√Æt facile.Le 20 ao√ªt rappel de d√©cathlon pour nous dire qu‚Äôil nous √©changeait contre un nouveau pack sauf que le pack est beaucoup moins cher ‚Ä¶ de m√™me qualit√© et que j‚Äôai peur que la m√™me chose se produit avec mon enfants sur le paddle car ils n‚Äôont pas de retour ‚Ä¶Faites donc attention √† votre s√©curit√© avec les paddle Decathlon.",2025-08-20T20:09:55.000Z,https://fr.trustpilot.com/review/www.decathlon.fr?page=2,2025-09-05 18:52:11.801913
KOROGLU osman,FR,1.0,1,"N'achetez pas de carte cadeau chez Decathlon avec  les offre soit disant de ""bon d'achat"" c'est  vissieu,Il joue avec les dates car ils affiche sur leur applicationsl' offre bien avant que ca commence ca induit en erreur car vous l'acheter pensant que c'est  valide alors que ca commence quelque jour plus tard, donc vous n' obtenez pas le bon d'achat promis car vous avez achet√© avant.Il faut que Decathlon mettent la promotion sur le site a la date a la quelle ca commence autrement on ne pense pas forc√©ment a regarder les d√©tails.",2025-08-20T15:45:51.000Z,https://fr.trustpilot.com/review/www.decathlon.fr?page=2,2025-09-05 18:52:11.801913
ASPE,FR,1.0,3,"Le pb ne concerne ni l'agence (COLOMIERS en 31) ni le personnel mais du mat√©riel vendu avec des causes que vous ne pouvez deviner.Je suis un gros marcheur et fonctionne avec du haut de gamme dont SALOMON.C'est sur cette marque  que le pb s'est manifest√© avec tr√®s rapidement vo√ªte plantaire droite en feu - orteils(pouce et index) avec grosse douleur et certainement, douleur antalgique sur le  genou gauche.Par hasard, j'ai rencontr√© des coll√®gues qui ont eu exactement le m√™me pb avec la m√™me marque. Il semblerait donc qu'il y ait pb li√© √† la chaussure elle m√™me, un d√©faut de fabrication sur une s√©rie ax√© sur la partie gauche du c√¥t√© droit.Notez que j'ai du user une douzaine de paires SALOMON sans pb jusqu'ici. En gros 4000km de marche par paire.Les vendeurs √† COLOMIERS, m'ont conseill√© et j'ai ax√© sur des chaussures de trek de marque  MERRELL.J'ai d√©pass√© les cent km avec ces derni√®res et la douleur a pratiquement disparu (Vo√ªte plantaire et orteils mais aussi genou gauche) m√™me si par pr√©caution, je fais faire une infiltration de SINOVIAL ONE sur le genou gauche.Quel est votre avis de techniciens?",2025-08-20T12:02:14.000Z,https://fr.trustpilot.com/review/www.decathlon.fr?page=2,2025-09-05 18:52:11.801913
pascale rappolt,FR,6.0,1,"j'ai achet√© des √©quipements (un rameur, et un v√©lo elliptique) chez Decathlon courant du mois de aout, une catastrophe, on avait demand√© et pay√© la livraison dans notre appartement, des produits, le livreur est arriv√© seul et a livrer en bas des escaliers refus de monter m√™me avec l'ascenseur. r√©sultat pas moyen de joindre DECATHLON, ni de poser un avis car tous refus√©s, tu m'√©tonnes que sur leur site il ai 4.9 sur 5. tous les avis a moins de 2 √©toiles sont refus√©s pour motif pas conforme.donc la qualit√© des produits est faible, le service livraison a plus de 50 euros  inexistant.. pass√© votre chemin",2025-08-19T16:23:40.000Z,https://fr.trustpilot.com/review/www.decathlon.fr?page=2,2025-09-05 18:52:11.801913
Fabrice Cazzola,FR,4.0,1,"Je voulais changer de cha√Æne et cassette sur mon v√©lo, suite √† une panne. On me dit par t√©l√©phone de d√©poser le v√©lo 1 semaine enti√®re et que le technicien fera d‚Äôabord un diagnostic, alors que je sais ce qu‚Äôil faut faire. Bref je renonce et j‚Äôappelle mon petit pro local qui r√©pare en 15 mn et moins cher sans bla bla de diag",2025-08-19T12:38:36.000Z,https://fr.trustpilot.com/review/www.decathlon.fr?page=2,2025-09-05 18:52:11.801913
Isabelle Sabin,FR,14.0,1,J'ai achet√© un r√©chaud camping a d√©cathlon qui m'a dur√© 1 mois je ne suis pas satisfaite de la qualit√© des produits vendus.,2025-08-18T21:54:40.000Z,https://fr.trustpilot.com/review/www.decathlon.fr?page=2,2025-09-05 18:52:11.801913
ARNAUD B.,FR,4.0,1,"J'ai pass√© commande sur votre site le 29/07/2025 pour une livraison pr√©vue le samedi 2 aout pr√©vu pour l'anniversaire de mon fils et pour jouer dans la semaine avec ses h√¥tes.Le vendredi 1er aout (17h42- la veille de la livraison) je re√ßois un texto du transporteur VirbyJP , confirmant la livraison demain (le 02/08) entre 7h et 17h.Le samedi 2 aout (9h49) je re√ßois un texto du transporteur VirbyJP ,""nous vous informons de l'annulation du RDV. Un nouveau lien vous sera envoy√© pour fixer un nouveau rendez-vous, ou une personne vous contactera dans les plus brefs d√©lais. JP HOME""J'ai contact√© directement le transporteur, mais un automate r√©pond.J'ai contact√© samedi 2 aout D√©cathlon √† 2 reprises, et les op√©ratrices m'ont dit qu'elles informaient le transporteur (avec un d√©lais de 48h ouvr√©s), elles me confirment que le transporteur avait la commande en sa possession.Je n'ai pas de nouvelle, donc n'ayant pas le choix, je planifie un cr√©neau √† la seule date disponible le samedi 9/08 (via leur lien).Appel le lundi matin de la soci√©t√© AGEDISS (pour le compte du transporteur), l'op√©ratrice me pr√©cise qu'ils ne peuvent pas me livrer avant le samedi 8 aout, car √† ce jour ils n'ont toujours pas le colis localement et que leur agence nationale l'a re√ßu que le 1er aout (et non le 30 juillet comme le dit D√©cathlon).Donc qui croire ... ?Cependant la commande a √©t√© pass√© avec D√©cathlon, pour un produit, pour montant et pour d√©lais d√©termin√©s ce qui a d√©clencher l'acte d'achat sur votre plateforme internet.A ce jour malgr√© mes relances aucune action de D√©cathlon on √©t√© dans le sens client.",2025-08-18T20:03:30.000Z,https://fr.trustpilot.com/review/www.decathlon.fr?page=2,2025-09-05 18:52:11.801913
JEAN A,FR,3.0,1,"le service client est inexistant en cas de probl√®me. J'ai command√© une paire de roue de v√©lo de route. Suite √† une erreur d'exp√©dition de la part de d√©cathlon, je n'en ai re√ßu qu'une. Le signalement et les formalit√©s ont √©t√© faites imm√©diatement, il y a deux semaines. Depuis je n'ai aucune nouvelle malgr√© les nombreuses relances. si vous avez besoin d'un produit achetez le ailleurs !",2025-08-18T19:17:54.000Z,https://fr.trustpilot.com/review/www.decathlon.fr?page=2,2025-09-05 18:52:11.801913
Bruno Lefebvre,FR,2.0,1,"plus jamais rayon v√©lo l'Isle AdamBonjour, A lire !Tout d'abord apr√®s avoir achet√© l'ann√©e pass√©e, un v√©lo dans un √©tat proche du neuf √† un maniaque, au point qu'apr√®s l'avoir lav√© il s√©chait son v√©lo au s√®che-cheveux.Ayant voulu faire changer les roulements de T de fourche, d√©cathlon l'Isle Adam n'avait pas la pi√®ce, il fallait envoyer le v√©lo dans leur atelier, √©tant tr√®s h√©sitant vu l'√©tat du v√©lo, je me suis laiss√© convaincre, car pleins d'arguments. Je lui ai bien fait remarquer que mon v√©lo √©tait en excellent √©tat, aucune rayure.Au retour lors du changement de pneu arri√®re la p√¢te de fixation d√©railleur √©tait cass√©, un responsable me dit : ce que j'essaie de vous faire comprendre, c'est que la p√¢te √©tait cass√©e, comment suis-je venue alors ? C'est moi m√™me qui ai mont√© le v√©lo. J'ai aim√© ce que j'essaie de vous expliquer ! Car je suis b√™te je ne comprends rien, je lui ai r√©torqu√© MOI ce que j'essaie de vous expliquer, c'est que le v√©lo n'avait rien en une ann√©e je l'ai sortie 4 5 fois car les p√©dales n'√©tait pas standard, et donc comme par hasard le v√©lo sort de votre atelier avec la p√¢te de fixation du d√©railleur cass√©. Le d√©railleur n'aurait -il pas √©t√© choqu√© pendant le transport ?? Non non pas possible, bon, donc √† mes frais.Je ram√®ne la p√¢te de fixation afin qu'elle soit mont√©e, et l√† je vois qu'ils ont un probl√®me avec le d√©railleur, les vitesses ont du mal √† passer, il me dit qu'il faut juste un r√©glage, (pour une pate chang√©e), alors qu'il faut juste la remettre √† la place de l'autre. Je lui Redemande si le d√©railleur n'a pas √©t√© choqu√© non.Bref ce weekend je lave mon v√©lo, et il est ray√© √† plusieurs endroits.J'√©tais limite d'y retourner ce matin, mais tellement √©nerv√© et d√©√ßu, je n'ose m√™me plus y retournerPlus jamais rayon v√©lo L'Isle Adam",2025-08-18T11:11:42.000Z,https://fr.trustpilot.com/review/www.decathlon.fr?page=2,2025-09-05 18:52:11.801913
Benoit LEMARECHAL,FR,1.0,2,"VAE parti en r√©paration depuis 3 semaines, pas encore trait√©/ diagnostique. Donc je pars sur 1 mois et demi d‚Äôimmobilisation. Innaceptable",2025-08-17T08:25:34.000Z,https://fr.trustpilot.com/review/www.decathlon.fr?page=2,2025-09-05 18:52:11.801913
Nicolas LECONTE,FR,1.0,1,"D√©plorableRaz le bol. Apr√®s plusieurs exp√©riences n√©gatives je me d√©cide √† r√©diger un avis n√©gatif.Incapable de faire un colis emball√© correctement. Produits arriv√©s d√©fonc√©s. Retour, plus de nouvelles.Un service client aux fraises, des nazes...",2025-08-15T11:57:48.000Z,https://fr.trustpilot.com/review/www.decathlon.fr?page=2,2025-09-05 18:52:11.801913
Marc,FR,11.0,1,Colis compl√®tement ouvert sans aucun scotchHeureusement pas de voleurs chez moiArticle tel quel sans aucun emballage et de mauvaise qualit√©Je peux fournir des photos,2025-08-14T18:33:53.000Z,https://fr.trustpilot.com/review/www.decathlon.fr?page=2,2025-09-05 18:52:11.801913
Jam,FR,7.0,1,"Alors l√† j suis en p√©tard.Deux fois j ai essay√© de donner mon avis sur un article.J suis objectif. Ils sortent des produits positivement g√©niaux.Et quand c est di caca il faut pas leur cacher.J ai achet√© un short d une qualit√© d√©plorable.J ai essay√© de donner mon avis. Refus√© parce que incoh√©rent . C est vrai je m exprime tr√®s mal...Je retente. Et je fais factuel. Tr√®s clair.Nouveau refus de publication pour le m√™me motif. Incoh√©rent. Alors je vais faire un copier coller ici de celui ci.Parceque faire une telle censure et n accepter que les commentaires positifs, ca n honore pas cette soci√©t√©.#MON AVIScomme dit dans tous les autres commentaires, ce short devrait √™tre retir√© des rayons.Je l'ai achet√© une premiere fois. Il s'est d√©color√© au point de devenir Jaune en quinze jours.Decathlon aubagne me l'a repris et √©chang√© contre un autre du m√™me mod√®le.Je commente pour ce second mod√®le √† partir d'ici :Il est en train de subir la m√™me d√©coloration que le premier en une semaine. Je vais donc le rapporter.Donc ce produit est simplement nul#",2025-08-14T18:33:31.000Z,https://fr.trustpilot.com/review/www.decathlon.fr?page=2,2025-09-05 18:52:11.801913
helml,FR,5.0,1,Pas le choix dans les pneus de v√©lo. Les prix affich√©s sont faux (fausse promo). Et que tu sors de gal√®re de la caisse automatique (ben oui y a plus personne en caisse) tu dois te justifier comme si tu √©tais un voleur. Je n'y mettrai plus les pieds....,2025-08-14T17:47:24.000Z,https://fr.trustpilot.com/review/www.decathlon.fr?page=2,2025-09-05 18:52:11.801913
val√©rie taillefer,FR,5.0,1,"Magasin d√©cathlon vannesUne catastrophe quant √† l accueil client sur un produit d√©fectueux !Une ¬´¬† responsable¬†¬ª qui ne peut pas faire de retour client car elle ne conna√Æt pas le fabricant , drolissime quand il s agit d un produit de la marque d√©cathlon !Elle conseille de d√©poser un simple avis mais ne reprendra pas le produit ‚Ä¶ impensable !Et ajoutons une flop√©e de vendeurs pay√©s √† √©couter l √©change , et pas √† travailler en rayon !Bref fuyez !",2025-08-14T15:22:55.000Z,https://fr.trustpilot.com/review/www.decathlon.fr?page=2,2025-09-05 18:52:11.801913
kris,FR,1.0,1,"accueil d√©plorable. Hotesse d'acceuil tr√®s d√©sagr√©able, pas de bonjour, ni s'il vous plait, ni merci. Juste un ""retirez vos affaires du bac"". Encore fallait-il que je sache que cette caisse n'√©tait pas disponible. Premi√®re et derni√®re fois que je mets les pieds dans ce magasin. j'irais ailleurs. 2 √®me chose: pas assez de choix.",2025-08-13T19:03:57.000Z,https://fr.trustpilot.com/review/www.decathlon.fr?page=2,2025-09-05 18:52:11.801913
Angelina Salma,FR,1.0,2,"J ai pass√© une commande en ligne pour 2 articles avec livraison √† domicile le lendemain pour laquelle j au r√©gl√© 5 euros de frais. Quelques minutes avant le cr√©neau horaire, annonc√© j ai ouvert le portail en grand et fait des allers retours r√©guliers pour voir arriver le livreur. 2 minutes apr√®s l expiration du cr√©neau pr√©vu j ai re√ßu un message disant que je n √©tais pas pr√©sente et que le colis serait livr√© dans un point relais (de LEUR choix). D√©j√† la livraison en point relais √©tait gratuite mais je  n avais pas fait ce choix. De plus le dit relais se trouve √† 45 minutes de marche du domicile (√©tant sur mon lieu de vacances sans v√©hicule). C √©tait un samedi apr√®s midi donc impossible de joindre Chronopost ni D√©cathlon. Il est regrettable que cette enseigne travaille avec ce service de livraison bidon. (R√©gion Royan 17). Derni√®re exp√©rience pour moi.",2025-08-12T23:09:26.000Z,https://fr.trustpilot.com/review/www.decathlon.fr?page=2,2025-09-05 18:52:11.801913
Aliya Gassanova,,,1,,2025-09-04T19:24:16.000Z,https://fr.trustpilot.com/review/www.decathlon.fr?page=3,2025-09-05 18:52:24.928250
Micaela Santos,,,1,,2025-09-02T13:46:18.000Z,https://fr.trustpilot.com/review/www.decathlon.fr?page=3,2025-09-05 18:52:24.928250
KOROGLU osman,,,1,,2025-08-20T15:45:51.000Z,https://fr.trustpilot.com/review/www.decathlon.fr?page=3,2025-09-05 18:52:24.928250
Nathalie,,,1,,2025-09-02T14:41:35.000Z,https://fr.trustpilot.com/review/www.decathlon.fr?page=3,2025-09-05 18:52:24.928250
HoldUp,US,2.0,1,"Je cr√©e un compte pour commander un produit. J'ai fais l'erreur d'utiliser mon adresse mail personnelle... Moins de 24h apr√®s je re√ßois des spams dans tous les sens alors que j'en ai jamais eu en 10 ans avec cet email. Leur base de donn√©es clients est s√ªrement pirat√©e, et s'ils ne font rien, c'est pas signe de confiance.Bref, √† √©viter comme la peste.",2025-08-12T14:36:18.000Z,https://fr.trustpilot.com/review/www.decathlon.fr?page=3,2025-09-05 18:52:24.928250
B√©n√©dicte,FR,1.0,5,"Piscine command√©e en ligne pour mes petits-enfants de 3 et 5 ans qui sont l√† √† toutes les vacances scolaires. Elle est vraiment pratique, m√™me pas besoin de la gonfler. Avec la chaleur qui vient de revenir, j'aime autant dire qu'elle est la bienvenue.",2025-08-12T10:32:38.000Z,https://fr.trustpilot.com/review/www.decathlon.fr?page=3,2025-09-05 18:52:24.928250
Mr BONARD,FR,8.0,1,Tentative de commande article sur site depuis 1 heure. . Bug de l applis....impossible de conclure....j abandonne et commande sur Shein... et l√†  impeccable    commande en qq minutes....site fluide    impeccable...dommage pour D√©cathlon....,2025-08-11T19:56:21.000Z,https://fr.trustpilot.com/review/www.decathlon.fr?page=3,2025-09-05 18:52:24.928250
jeanlouis wygas,FR,2.0,1,"Achet√© en juin 2 v√©los √©lectriques . Un en panne le premier jour . √âtant press√© ,ils me l ont chang√© contre un mod√©le inf√©rieur . Le deuxi√©me en panne en juillet . Ils n ont rien pu faire . J ai remis moi m√©me en place la batterie qui avait boug√© .D√©but aout , la chaine d√©raille dans des conditions normales d utilisation . La garantie ne fontionne pas . 75 euros de ma poche . Reparti avec le plateau encore voil√© parce qu il aurait encore fallu payer . Trop d√©gout√© . Ne surtout pas croire √† la garantie promise . Elle est inexistante . Decathlon verdun √† proscrire si vous ne voulez pas gaspiller 3000 euros pour 2 v√©los .",2025-08-11T17:53:38.000Z,https://fr.trustpilot.com/review/www.decathlon.fr?page=3,2025-09-05 18:52:24.928250
J√©r√¥me SICULO,FR,1.0,1,"J'ai achet√© 2 paddles chez Decathlon en juillet 2023 et aujourd'hui, 10/08/25, j'ai eu la surprise, en pleine mer, de voir 1 de mes 2 paddles explos√© litt√©ralement sous mes pieds. Mon mari √©tant sur le deuxi√®me paddle. En rentrant je file chez Decathlon pour leur expliquer mon probl√®me et l√† la responsable paddle me pr√©texte une surpression au niveau du gonflage de celui-ci. Je n'ai qu'une question, avez-vous d√©j√† gonfl√© un paddle avec la pompe √† mains fournie ? Je peux vous assurer que d√®s que l'aiguille de la pompe passe au vert, on arr√™te de gonfler car on est ext√©nu√©, on ne cherche pas √† faire du z√®le et √† gonfler plus que ce qui est pr√©vu. Bref, pour r√©sumer, paddle parti √† la poubelle et aucun geste commercial ou semblant de geste commercial de la part de Decathlon. Franchement, moi qui m'√©quipe chez Decathlon je vais r√©ellement r√©viser ma copie et je vous invite √† en faire autant.",2025-08-10T13:56:20.000Z,https://fr.trustpilot.com/review/www.decathlon.fr?page=3,2025-09-05 18:52:24.928250
Ivtal,FR,2.0,1,T√©moin d‚Äôun comportement honteux du responsable (Maxime) du rayon camping au d√©cathlon de Chambray les Tours : refus d‚Äô√©change d‚Äôun matelas sous garantie (5 ans) sans aucune justification. La garantie est valide puisque le mat√©riel a du √™tre chang√© pour  dysfonctionnement en 2021 et elle reprend √©videmment effet sur le nouveau mat√©riel. Ce vendeur accuse (sans aucune raison) la personne d‚Äôune hypoth√©tique mauvaise utilisation au lieu d‚Äôen faire la preuve. Pratique malhonn√™te au bluff. Totalement choqu√© par ce SAV de D√©cathlon qui bafoue toute l√©galit√© et met gratuitement ses clients en accusation. Ne leur faites aucune confiance,2025-08-09T19:19:41.000Z,https://fr.trustpilot.com/review/www.decathlon.fr?page=3,2025-09-05 18:52:24.928250
Avis,FR,10.0,5,"Je suis franchement tr√®s content du sav pour le v√©lo √©lectrique.  Le v√©lo vient de d√©passer la garantie des 2 ans,nous avons tr√®s peu roul√© avec. Le v√©lo ne fonctionnait plus,le sav decathlon l a pris en charge et r√©par√© gratuitement. Je les remercie donc. Sans avoir besoin de r√¢ler, cela devient rare!! Merci üòä √† decathlon.La seule chose qui me g√™ne chez decathlon, c est les caisses automatiques qui ne generent que peu d emploi et la perte du c√¥t√© humain.",2025-08-09T13:34:59.000Z,https://fr.trustpilot.com/review/www.decathlon.fr?page=3,2025-09-05 18:52:24.928250
Francis Garcia,FR,3.0,1,"J‚Äôai achet√© un v√©lo Neomouv chez D√©cathlon, pensant investir dans un produit fiable. R√©sultat : la batterie est tomb√©e en panne au bout de moins de 2 ans et ne tient m√™me plus 20 km. La garantie est une arnaque : Neomouv refuse la prise en charge sous pr√©texte d‚Äôune soi-disant mauvaise utilisation, alors que je n‚Äôai jamais re√ßu leurs recommandations, puisqu‚Äôelles ne m‚Äôont jamais √©t√© expliqu√©es lors de l‚Äôachat.Ce qui est encore plus inacceptable, c‚Äôest l‚Äôattitude de D√©cathlon : les explications importantes sont pass√©es sous silence lors de la vente et ils continuent de commercialiser ces v√©los alors qu‚Äôils savent pertinemment qu‚Äôils ne sont pas fiables. R√©sultat : un achat co√ªteux, un produit inutilisable et des enseignes qui fuient leurs responsabilit√©s. Tr√®s mauvaise exp√©rience, je d√©conseille vivement.",2025-08-09T13:30:06.000Z,https://fr.trustpilot.com/review/www.decathlon.fr?page=3,2025-09-05 18:52:24.928250
Aur√©lie Doudoune,FR,3.0,1,Commande d'un porte v√©lo le 13 juillet 2025 et presque deux semaines √† les joindre par appel et whatsapp pour savoir o√π est notre colis. Mauvais suivi de livraison l'article serait en Espagne √† Bilbao et le bon en Allemagne Cologne et si on appelle il est soit disant √† Barcelone mais toujours pas de num√©ro de suivi ..  pas de r√©ponse c'est mon conjoint qui fait les recherches avec le transporteur. Ce n'est m√™me pas decathlon... 300 euros encaiss√©s et c'est tout... A fuir ...,2025-08-08T17:53:41.000Z,https://fr.trustpilot.com/review/www.decathlon.fr?page=3,2025-09-05 18:52:24.928250
loic_salsero,FR,6.0,1,"CIBOX vends des produit via le marketplace DECATHLON et d'autres grandes enseignes, notamment de la marque yeep.me.Tous les avis TRUSTPILOT sont unamimes pour d√©clarer que le SAV de CIBOX ne r√©pond pas ou fait des prestations de SAV d√©ficientes.DECATHLON devrait bannir ce vendeur, alors qu'il le d√©clare ""s√©lectionn√© par Decathlon"".Ma trottinette √©lectrique de CIBOX est re√ßue inutisable et d√©fectueuse.- Emballage d√©j√† ouvert (carton et film plastique transparent) donc d√©j√† renvoy√© par un acheteur.- Blocage impossible de la potence rabattable qui supporte le guidon. Utilisation DANGEREUSE.- El√©ments manquants: chargeur, notice, vis de blocage du guidon, et peut √™tre plus tant que je ne peux pas utiliser- batterie √† z√©ro, donc impossible de tester quoi que ce soit car rien ne s'allume.CIBOX ne r√©pond pas, comme pour tous les clients qui ont un probl√®me.Vendeur √† fuire et √† bannir par DECATHLON",2025-08-08T17:36:43.000Z,https://fr.trustpilot.com/review/www.decathlon.fr?page=3,2025-09-05 18:52:24.928250
Jean-Marc,FR,23.0,1,"Sandales compl√®tement explos√©esAu bout de 3 mois d'utilisation.Semelle d√©coll√©e et fendue en 2, attache de lani√®re coup de pied sectionn√©eCe sont les deuxi√®mes et derni√®res que j'ach√®te.J'aimerais bien pouvoir mettre une photopour monter le d√©sastre.Bien entendu mon avis a √©t√© refus√© sur le site Decathlon, signe d'une grande volont√© de transparence. C'est probablement uniquement pour cela qu'ils sont tr√®s bien not√©s sur leur siteJ'ai rachet√© chez Intersport.",2025-08-13T11:14:05.000Z,https://fr.trustpilot.com/review/www.decathlon.fr?page=3,2025-09-05 18:52:24.928250
Oly Rainitsimba,FR,4.0,1,"Bonjour,j'ai command√© un article en ligne √† un partenaire de D√©cathlon au travers du site de D√©cathlon le 5 juillet. Aussit√¥t command√©, aussit√¥t d√©bit√©e!Article jamais re√ßu. Et pour cause, bug informatique. La commande n'a jamais √©t√© transmise au partenaire.Premi√®re r√©clamation, le 15 juillet. Le conseiller client√®le m'assure que je vais √™tre rembours√©e. Seconde relance : le 31 juillet.Nous sommes le 8 aout et toujours pas de remboursement!",2025-08-08T11:02:55.000Z,https://fr.trustpilot.com/review/www.decathlon.fr?page=3,2025-09-05 18:52:24.928250
mourad benssi,FR,3.0,1,Article re√ßu ab√Æm√© donc je demande un retour le m√™me jour et √ßa fait un mois que j'attends en vainLeur sav me dit √† chaque fois qu'un transporteur passera pour r√©cup√©rer le colis mais qui passe jamais depuis 1 mois et aucune solution propos√© par d√©cathlon.en plus ils me valident jamais mon avis sur mon achat chez eux car il est n√©gatif ü§ÆCommande n¬∞ FR19481105933ü§¨,2025-08-07T19:46:44.000Z,https://fr.trustpilot.com/review/www.decathlon.fr?page=3,2025-09-05 18:52:24.928250
Rohan,FR,1.0,1,"Je viens de commander pour la deuxi√®me fois et ce sera la derni√®re... Premi√®re fois pb de livraison sur une commande d√©lai largement d√©pass√©, aujourd'hui je commande trois articles et apr√®s confirmation de la commande, je re√ßois un mail me disant:Commande modifi√©, vous serez d√©bit√© du nouveau montant prochainement! Pas plus d'explication! Japel le SAV qui me dit qu'il non plus de stock, je leur explique qu'il y avait 6 article duspo pour cette taille quand j'ai command√©. R√©ponse les stocks ne sont certainement pas √† jour! Je reviens sur le site et l√† toujours 6 articles en stocks. Pour une entreprise internationale ce n'est pas terrible. Seul gest commercial que j'ai pu avoir c'est une livraison gratuite pour une prochaine commande, sachant que la plupart des livraisons sont gratuite au del√† d'un certain montant ou gratuite en point relais. Je ne commanderais plus sur internet et vous d√©conseille de le faire, dommage car le plus proche decathlon est √† 1h de route de chez moi...",2025-08-07T17:57:36.000Z,https://fr.trustpilot.com/review/www.decathlon.fr?page=3,2025-09-05 18:52:24.928250
Yohan,FR,20.0,1,"√áa m√©rite m√™me pas une √©toile. le site decathlon vous fait croire que les avis sont juste mais ils sont totalement truqu√©s tous avis trop n√©gatif sera rejet√© pour motif farfelu comme ""hors sujet"" alors que vous exposez des faits r√©els. D√©cathlon m'a vendu un produit d√©fectueux ( il manquait la moiti√© des accessoires dedans ) je l ai signal√© on m'as refus√© un remboursement ( on parle de 3 euros si je ne fesait pas 75 km de voiture pour le ramener j'ai expliqu√© que cela n √©tait pas tr√®s √©cologique pour un magasin qui se dit sensible √† la protection de l environnement mais rien a faire. De plus mon avis produit totalement factuelle sur m absence d une partie du produit a √©t√© refus√© sous un faux pr√©texte et de plus le produit finalement retir√© du site de vente web ce qui montre bien qu'ils ont identifi√©s un souci de production. Bref ils pr√©f√®rent perdre un client que de faire un geste commercial pour s excuser du d√©sagr√©ment et trompe les gens avec des commentaires qui ne refl√®tent pas la totalit√© des opinions des acheteurs. C'est de fa√ßon tr√®s douteuse de faire du commerce. vous √™tes pr√©venus.pour ma part c'est fini j irai d√©penser mon argent ailleurs.tout √ßa pour 3 euros mais pour moi c'est une question de principe.",2025-08-07T15:45:03.000Z,https://fr.trustpilot.com/review/www.decathlon.fr?page=3,2025-09-05 18:52:24.928250
kira aristotelis,FR,1.0,1,"J'ai appel√© pour avoir des informations, on m'a r√©pondu de venir en magasin. Donc je voulais acheter un v√©lo et regler en 12x - on m'a dit prenez votre pi√®ce d'identit√©. OK...j'ai pris mes justificatifs de domicile √©galement. Apr√®s un trajet assez long - 3 stations de m√©tro environ , on me pr√©vient que je dois avoir aussi mes fiches de paie. OK.  Et finalement on me dit qu'ils ne font pas de r√®glement en 12fois dans le magazin. √âvidemment 30 minutes de patience la bas... et la jeune femme charg√© de ma demande pas du tout conciliante plutot impertinente.Au fait les responsables ne sont pas les collaborateurs mais les cadres qui semblent incapables de pr√©ciser clairement sur le site les conditions de leurs offres.Bref une perte de temps.",2025-08-07T15:20:23.000Z,https://fr.trustpilot.com/review/www.decathlon.fr?page=3,2025-09-05 18:52:24.928250
Elodie Yu,FR,1.0,1,"Command√© en ligne A FUIRE!!!!!Pas de service apr√®s vente , livraison en retard et m√™me toujours pas arriv√©e,  un cadeau group√©  de 500 eur, un anniversaire sans cadeaux. Plus jamais je ne commanderai sur leur site. J ai jamais vu √ßa et la compensation tu te la met sur l oreille , de toute fa√ßon y a m√™me pas de service client , ils sont compl√®tement muet , j aurais jamais cru √ßa de cette enseigneComptez sur moi pour parler partout de ce site internet lamentable et de leur ""service "" livraison √† deux balles.....plus jamais",2025-08-06T21:19:18.000Z,https://fr.trustpilot.com/review/www.decathlon.fr?page=3,2025-09-05 18:52:24.928250
Ann BACHELOT,FR,2.0,1,"Commande faite en ligne le 1er Aout √† 11h45, avec choix de livraison en point relais pour le 2 Aout. Mail √† 15h50 m'annon√ßant que la commande est en route...mais le 2 Aout √† 20h43 un nouveau mail m'informe que la commande prend un peu de retard : ""Notre transporteur est dans les starting-blocks pour vous livrer sous 2 jours ouvr√©s""...Lundi 4, rien j'appelle le service client qui me confirme qu'il y a un probl√®me et que la seule solution sera d'aller en magasin (il s'agit d'1 tente de camping attendue pour un d√©part en vacances sur une ile le 6)...Mardi 5 appel pour annulation de la livraison, pas de remboursement possible tant que le livreur n'a pas renvoy√© le produit et bien s√ªr pas de geste commercial: juste il faut patienter Madame !Inadmissible, j'ai pass√© commande sur Decathlon.fr d'un produit neuf g√©r√© par D√©cathlon qui pourtant n'assume pas le non respect des d√©lais de son prestataire !!!",2025-08-06T08:38:16.000Z,https://fr.trustpilot.com/review/www.decathlon.fr?page=3,2025-09-05 18:52:24.928250
sandynet35,FR,4.0,1,"Je suis une femme et je pratique le Running.Je suis de plus en plus d√©√ßu de ce que propose Decathlon au niveau running pour les femmes.Franchement vous avez vraiment rien compris, il y a plus en plus de femmes √† pratiquer la course √† pied il y a de moins en moins de choix au niveau des tenues.Le rayon homme est rempli et quasiment  rien au rayon femme (Decathlon √† Betton/35).On m'a r√©pondu qu'il fallait aller au rayon fitness. Pour celles qui pratiquent la course √† pied vous comprendrez que les v√™tements fitness n'ont rien √† voir en tant que confort, forme etc pour la course √† pied.Je sais aussi qu'on vit dans une √©poque o√π le non genr√© (pas de distinction de couleur homme femme) m√™me les couleurs propos√©es aussi bien dans les sous-v√™tements, que les chaussettes sont tr√®s moches du vert kaki ou du gris en passant par du orange pas beau m√™me pas un petit peu de ""rose"" non, rien !! franchement c'est nul.Ne parlons pas des tailles qui ne sont pas la bonne taille je fais un 42 donc normalement du XL et bien chez Decathlon je dois prendre du XXL donc comment para√Ætre encore plus grosse que l'on est !! Et au-del√† au rayon femme on ne trouve m√™me plus du 3XL c'est soit aller chez les hommes donc le c√¥t√© f√©minin on s'en passera.Donc si vous √™tes tr√®s  rondes oubliez d'aller vous habiller chez Decathlon vous avez pas le droit de faire du sport pour essayer peut-√™tre de vous muscler",2025-08-05T23:51:27.000Z,https://fr.trustpilot.com/review/www.decathlon.fr?page=3,2025-09-05 18:52:24.928250
leclos de portales,FR,1.0,1,"J'ai command√© une table de tennis de table en magasin. Pas de commentaire particulier sur le table elle-m√™me, par contre, une grosse arnaque √† signaler sur le d√©lai de livraison.Je passe la commande le vendredi 18 juillet 2025 ; on me fait choisir entre prendre en charge le lundi 21 en magasin, ou bien livraison gratuite √† domicile le mercredi 23 juillet. Compte tenu de la dimension du colis, je demande la livraison √† domicile. Le 21, je re√ßois un mail m'indiquant que ma commande est en route, avec une date de livraison estim√©e le mercredi 23, donc tout va bien.Le mercredi 23, je re√ßois un sms du livreur m'indiquant que je dois choisir la date de livraison entre plusieurs propositions : la plus proche est le mardi 29, soit 6 jours apr√®s la date promise !J'appelle le magasin qui me renvoie vers le service client. Celui-ci m'√©coute poliment quand je lui dit que j'exige d'√™tre livr√© avant la fin de la semaine (je recevais du monde le weekend et voulait absolument recevoir ma commande avant), et m'indique qu'il va consulter le service livraison. Je devais recevoir des nouvelles par mail. Malgr√© un rappel t√©l√©phonique, aucune nouvelle !Finalement, comme j'√©tais absent du lundi 28 au mercredi 30, j'ai demand√© la livraison pour le jeudi 31. Les livreurs ont √©t√© eux tr√®s professionnels.Conclusion : si j'avais su que le d√©lai indiqu√© lors de la commande √©tait du bluff, j'aurai command√© le m√™me produit au m√™me prix sur internet et j'aurais re√ßu le colis en temps et en heure. D√©cathlon est un ARNAQUEUR ! C'est une pratique commerciale d√©loyale pour amadouer le client.A EVITER ABSOLUMENT SI ON VEUT ETRE LIVRE DANS LES DELAIS !",2025-08-05T22:47:10.000Z,https://fr.trustpilot.com/review/www.decathlon.fr?page=3,2025-09-05 18:52:24.928250
Aliya Gassanova,,,1,,2025-09-04T19:24:16.000Z,https://fr.trustpilot.com/review/www.decathlon.fr?page=4,2025-09-05 18:52:36.089690
Micaela Santos,,,1,,2025-09-02T13:46:18.000Z,https://fr.trustpilot.com/review/www.decathlon.fr?page=4,2025-09-05 18:52:36.089690
KOROGLU osman,,,1,,2025-08-20T15:45:51.000Z,https://fr.trustpilot.com/review/www.decathlon.fr?page=4,2025-09-05 18:52:36.089690
Nathalie,,,1,,2025-09-02T14:41:35.000Z,https://fr.trustpilot.com/review/www.decathlon.fr?page=4,2025-09-05 18:52:36.089690
Bruropi37,FR,2.0,1,"J‚Äôai cass√© le cadre √† la hauteur du haubanmon v√©lo van rysel rcr d‚Äôune valeur de 5000‚Ç¨ sur soit disant un ¬´¬†√©crasement ¬ª donc pas de garantie‚Ä¶.Je m‚Äô√©tonne qu‚Äôune enseigne comme D√©cathlon ( chiffre d‚Äôaffaires de 500 millions d‚Äôeuros en 2024 )vendant des v√©los hauts de gamme n‚Äôai pas un sav √† la hauteur , je peux m√™me dire inexistant!Pas moyen de me trouver un cadre et surtout un d√©lai !!!C‚Äôest se moquer du consommateur !!!Le SAV va de paire avec la vente‚Ä¶Extr√™mement d√©√ßu‚Ä¶.",2025-08-05T21:10:21.000Z,https://fr.trustpilot.com/review/www.decathlon.fr?page=4,2025-09-05 18:52:36.089690
Nicolas Garcia,FR,1.0,1,"‚≠ê 1 √©toileCommande incompl√®te, service client silencieuxJ‚Äôai re√ßu une partie de ma commande, mais un article (barre Corength 2m) ne m‚Äôa jamais √©t√© livr√©. Malgr√© plusieurs relances, aucune r√©ponse du service client. Tr√®s d√©√ßu, je ne commanderai plus sur leur site. Dommage car les produits peuvent √™tre bons, mais le service est totalement absent.",2025-08-04T16:35:19.000Z,https://fr.trustpilot.com/review/www.decathlon.fr?page=4,2025-09-05 18:52:36.089690
Gilles,FR,10.0,1,Cela fait des mois que j'attend un remboursement d'une carte cadeau de 80‚Ç¨.Le Service Client Decathlon a essay√© de m'escroquer √† plusieurs reprises en me disant que le virement a bien √©t√© fait pour endormir ma vigilance. Des mois plus tard l'argent n'est toujours pas sur mon compte.Je n'imagine pas le nombre de personnes moins vigilantes qu'ils arrivent √† voler de cette fa√ßon.Un v√©ritable scandale,2025-08-04T16:34:23.000Z,https://fr.trustpilot.com/review/www.decathlon.fr?page=4,2025-09-05 18:52:36.089690
Senou Ssi,FR,1.0,1,Livraison pas respect√© c honteux m√™me pas de geste commercial  a fuir decatlhon,2025-08-04T14:34:56.000Z,https://fr.trustpilot.com/review/www.decathlon.fr?page=4,2025-09-05 18:52:36.089690
victor,FR,3.0,1,On vous force √† parcourir tout le magasin avant de sortir...Je n'aime pas du tout ce genre de proc√©d√©! les prix sont pour la plupart des articles propos√©s peu abordables. L'accueil est le seul point positif: on est bien re√ßu.,2025-08-01T19:12:23.000Z,https://fr.trustpilot.com/review/www.decathlon.fr?page=4,2025-09-05 18:52:36.089690
raynal,FR,15.0,5,"Manosque super accueil de Valentin qui nous a fait gagner un temps fou gr√¢ce a ses pr√©cieux conseils et son sourire, tr√®s professionnel je recommande",2025-08-01T10:28:51.000Z,https://fr.trustpilot.com/review/www.decathlon.fr?page=4,2025-09-05 18:52:36.089690
Thomas Gosselin,FR,2.0,1,"Commande d'un kit halt√®res sur le site Decathlon en ligne. Suite √† mon 1er paiement, je re√ßois un mail d'√©chec de paiement et annulation de commande. Rebelote une 2√®me fois. La commande est valid√©e la 3√®me fois seulement.Malgr√© leurs annulations, Decathlon m'envoie 2 commandes, et me d√©bite deux fois ! Puis je d√©couvre que les kits sont incomplets. Et le pompon, j'√©cris des mails et j'appelle depuis 15 jours et rien ne bouge alors que les erreurs sont enti√®rement de leur c√¥t√©. Service client ZERO !",2025-07-31T19:58:38.000Z,https://fr.trustpilot.com/review/www.decathlon.fr?page=4,2025-09-05 18:52:36.089690
Julien,BE,3.0,1,"A evit√©, la plupart des produits vendu ne sont pas d√©cathlon, il laisse une multitude de vendeurs externes et non v√©rifi√©s vendre par leur application. Aucun s√©rieux. Livraison dite effectu√© et rien re√ßu, jour annonc√© de livraison non respect√©. Et service apr√®s-vente a la ramasse. AMATEUR DE LA VENTE EN LIGNE.",2025-07-31T09:50:32.000Z,https://fr.trustpilot.com/review/www.decathlon.fr?page=4,2025-09-05 18:52:36.089690
Doudou Kes,FR,3.0,1,J ai commander des accessoires pour cet √©t√© tent√© plage ....je n ai pas re√ßu ma commande cela fait une semaine qu'elle est bloqu√© chez leur transporteur en Corse. M√™me le service client ne r√©pond pas aux mails ... d√©sastreux je ne commanderai plus jamais a distance chez Decathlon ils ne sont pas s√©rieux,2025-07-30T13:09:27.000Z,https://fr.trustpilot.com/review/www.decathlon.fr?page=4,2025-09-05 18:52:36.089690
VRD VRD,FR,1.0,1,"Tr√®s mauvaise exp√©rience sur Decathlon.fr, via un revendeur de leur marketplace.J‚Äôai command√© une paire de chaussures neuves, jamais re√ßue.√Ä la place, on m‚Äôenvoie une paire reconditionn√©e sans me pr√©venir.Je renvoie le colis √† leurs frais, ils le re√ßoivent, mais aucun remboursement.Le service client Decathlon n‚Äôa rien r√©solu. J‚Äôai d√ª passer par PayPal pour r√©cup√©rer mon argent.On commande sur le site Decathlon pour la fiabilit√©, pas pour se faire balader entre un revendeur fant√¥me et un SAV impuissant.Decathlon doit assumer ses vendeurs et prot√©ger ses clients. Une vraie honte.Pratiquement deux mois pour r√©cup√©rer mon argent.",2025-07-30T00:12:00.000Z,https://fr.trustpilot.com/review/www.decathlon.fr?page=4,2025-09-05 18:52:36.089690
PH,FR,3.0,1,"Si vous commandez chez un partenaire de D√©cathlon, il est impossible de b√©n√©ficier de la politique d‚Äô√©change. Et bien s√ªr, ce n‚Äôest annonc√© nulle part.",2025-07-28T11:01:26.000Z,https://fr.trustpilot.com/review/www.decathlon.fr?page=4,2025-09-05 18:52:36.089690
Jim S,FR,6.0,1,Vous voulez mettre un avis n√©gatif sur un produit qui vous a d√©√ßu et l‚Äôavis est refus√© . Bravo l‚Äô√©tat d‚Äôesprit !,2025-07-25T17:13:48.000Z,https://fr.trustpilot.com/review/www.decathlon.fr?page=4,2025-09-05 18:52:36.089690
jean-louis KEMPF,FR,1.0,3,"La tente a √©t√© livr√©e avec un d√©faut non reconnu par le fournisseur Star Union de D√©cathlon, alors que nous avions pris la peine de transmettre plusieurs photos avec la mesure dimensionnelle  du d√©faut ( √©cart de 10 cm entre le sol de tente et le terrain au niveau d'un angle)  et une mesure de niveau pour montrer l'horizontalit√© du sol. Ce d√©faut pouvait occasionner un risque de chute en entrant ou en sortant de la tente. La r√©activit√© de leur fournisseur Star Union a √©t√© tr√®s faible, il lui fallait entre 48 h et 72h pour r√©pondre √† chaque √©change, alors qu'il aurait pu consid√©rer qu'il y avait une urgence √† r√©gler le probl√®me en p√©riode de vacances. Apr√®s deux semaines et 4 √©changes avec D√©cathlon, nous avons opt√© pour le retour. En effet, si le fournisseur ne reconnait pas l'√©cart avec toutes les preuves apport√©es, c'est que le produit n'est pas parfaitement fabriqu√© et qu'un √©change aurait conduit probablement √† nous envoyer une nouvelle tente avec le m√™me d√©faut.",2025-07-25T16:06:15.000Z,https://fr.trustpilot.com/review/www.decathlon.fr?page=4,2025-09-05 18:52:36.089690
Guillaume,FR,11.0,4,Magasins toujours propres. Equipement abordable bien pens√© et de qualit√© satisfaisante pour le prix.A am√©liorer: les conditions de fabrication dans les pays √† bas co√ªts ;),2025-07-25T15:18:59.000Z,https://fr.trustpilot.com/review/www.decathlon.fr?page=4,2025-09-05 18:52:36.089690
Cl√©ment Delmare,FR,1.0,1,Decathlon refuse de me rembourser un retour malgr√© la bonne r√©ception du colis (preuve Colissimo √† l'appui). Triste soci√©t√©...,2025-07-25T12:21:52.000Z,https://fr.trustpilot.com/review/www.decathlon.fr?page=4,2025-09-05 18:52:36.089690
Axelle FRESCHI,FR,3.0,1,"Mon avis a √©t√© refus√© par d√©cathlon, apparement ils prennent que ceux qui les arrangent.J'ai achet√© un VTT momabike sur le marketplace qui se d√©sserre constamment.Je l'ai m√™me fait resserrer chez un professionnel en pensant que c'√©tait moi qui m'y prenait mal, mais non, d√®s la premi√®re bosse, le guidon part d'un c√¥t√© et la roue avant de l'autre.Cela fait deux semaines que je suis en contact avec le SAV momabike, √† batailler email apr√®s email pour qu'ils comprennent le probl√®me et reprennent le velo pour que je puisse changer de marque.On dirait qu'ils font expr√®s de pas comprendre et de faire tra√Æner les choses, dans l'espoir que j'abandonne, j'en ai vraiment ma claque.La prochaine fois, j'acheterais fran√ßais, et surtout pas chez d√©cathlon qui se d√©charge de toute responsabilit√©, sous pr√©texte que c'est juste une marketplace.Je trouve √ßa tr√®s malhonn√™te, car si je commande sur le site d√©cathlon, c'est parce que je faisais confiance √† ce magasin en cas de probl√®me, et c'est le cas de nombreux clients j'en suis s√ªre.Donc momabike et la marketplace d√©cathlon, √† fuir en courant, de vrais escrocs !",2025-07-25T07:34:55.000Z,https://fr.trustpilot.com/review/www.decathlon.fr?page=4,2025-09-05 18:52:36.089690
Donia Abbassi,FR,1.0,2,"J‚Äôai pass√© commande d‚Äôun v√©lo le dernier jour des soldes, pensant faire une bonne affaire. Le lendemain, on m‚Äôannonce qu‚Äôil est en rupture de stock‚Ä¶ R√©sultat : plus de v√©lo et plus de soldes pour en profiter ailleurs, comme sur une offre int√©ressante d‚ÄôAlegria que j‚Äôavais rep√©r√©e. Je trouve √ßa vraiment frustrant : si le stock n‚Äô√©tait pas assur√©, il fallait le dire avant ! Une mauvaise exp√©rience pour moi.",2025-07-25T01:41:30.000Z,https://fr.trustpilot.com/review/www.decathlon.fr?page=4,2025-09-05 18:52:36.089690
arthas,FR,2.0,3,"Commande d'un v√©lo √† 500 euros le 12 juillet, livraison pr√©vue le 17 juillet.Nous sommes le 24 juillet aucune nouvelle et au service client c'est limite si on nous raccroche pas au nez sans solutions.Livr√© le 29 juillet je modifie donc mon avis",2025-07-29T08:29:22.000Z,https://fr.trustpilot.com/review/www.decathlon.fr?page=4,2025-09-05 18:52:36.089690
pascal fleury,FR,1.0,1,"Voici mon avis sur une prestation de d√©cathlon qu‚Äôils ont refus√© de publier ??S‚Äôagissant d‚Äôune pompe √©lectrique luvegoJe suis d√©√ßu par D√©cathlon1) Les frais de livraison sont tr√®s chers 7,99‚Ç¨ pour un article de 34,99‚Ç¨ aussi volumineux qu‚Äôun mug √† caf√©.Impossible de r√©cup√©rer l‚Äôarticle en magasin.2) Pas de notice pour utiliser la pompe, mais juste un dessin du mat√©rielDonc j‚Äôai √©t√© contraint de trouver une vid√©o (n√©erlandaise) sur internet, pour √† peu pr√®s comprendre comment gonfler le matelas..En premier lieu,  il y a 2,embouts alors lequel utiliser?Ensuite il faut appuyer 2 fois rapidement sur le bouton du dessous de la pompe pour la  faire fonctionner.Mais c‚Äôest bien s√ªr, tellement √©videment !!!!!",2025-07-23T19:00:38.000Z,https://fr.trustpilot.com/review/www.decathlon.fr?page=4,2025-09-05 18:52:36.089690
Mustapha Benziane,FR,17.0,1,"Ils ne publient que les avis qui les arrangent. Je laisse mon avis sur le produit Salt Caps l√† alors. Une pratique commerciale trompeuse.Tr√®s sousdos√© en Sodium (perte principale d'√©lectrolytes en transpirant) , pour un produit destin√© √† des efforts de +3h, je ne comprends pas comment vous faites votre ""recherche"". Je trouve la description tr√®s trompeuse.Pour √©vidence, regardez cette review, il y'en a plein d'autres:Veniamakis E, Kaplanis G, Voulgaris P, Nikolaidis PT. Effects of Sodium Intake on Health and Performance in Endurance and Ultra-Endurance Sports. International Journal of Environmental Research and Public Health. 2022; 19(6):3651.Je ne recommande absolument pas ce produit pour des efforts long, vos produits -3h sont mieux dos√© (d'apr√®s les r√©sultats dans la litt√©rature scientifique) , la perte en Na beaucoup plus importantes que celle du K, je ne comprends absolument pas vos choix, je ne peux plus faire confiance √† votre ""recherche"".",2025-07-22T15:15:00.000Z,https://fr.trustpilot.com/review/www.decathlon.fr?page=4,2025-09-05 18:52:36.089690
Aliya Gassanova,,,1,,2025-09-04T19:24:16.000Z,https://fr.trustpilot.com/review/www.decathlon.fr?page=5,2025-09-05 18:52:47.923607
Micaela Santos,,,1,,2025-09-02T13:46:18.000Z,https://fr.trustpilot.com/review/www.decathlon.fr?page=5,2025-09-05 18:52:47.923607
KOROGLU osman,,,1,,2025-08-20T15:45:51.000Z,https://fr.trustpilot.com/review/www.decathlon.fr?page=5,2025-09-05 18:52:47.923607
Nathalie,,,1,,2025-09-02T14:41:35.000Z,https://fr.trustpilot.com/review/www.decathlon.fr?page=5,2025-09-05 18:52:47.923607
Martine,FR,4.0,1,Livraison pas fiableProduit command√© le 16 juillet livraison pr√©vue le 19 pour un cadeau !Toujours pas re√ßu √† ce jour le 21 ! Trop tard nous ne pourrons r√©cup√©rer cette commande!,2025-07-21T21:04:41.000Z,https://fr.trustpilot.com/review/www.decathlon.fr?page=5,2025-09-05 18:52:47.923607
Pascal-Pierre,FR,73.0,3,"Apr√®s les prix ronds en euros comme du temps du franc, D√©cathlon red√©couvre les cents....h√©las, ils ne connaissent que le 99 cents....alors que l'euro se divise en 100 cents....mais il y a un l√©ger progr√®s mais je pr√©f√®re d'autres enseignes.....que je trouve moins ch√®res...",2025-07-21T13:04:16.000Z,https://fr.trustpilot.com/review/www.decathlon.fr?page=5,2025-09-05 18:52:47.923607
Thomas Audrain,FR,1.0,1,"Achat d‚Äôun bmx enfant en ao√ªt 2024. Mon fils casse sa jante en juillet 2025. D√©cathlon n‚Äôest pas capable de fournir la pi√®ce d√©tach√©e essentielle et sp√©cifique. R√©sultat, v√©lo inutilisable.Gestion des achats catastrophique, grosse d√©ception.",2025-07-18T13:22:59.000Z,https://fr.trustpilot.com/review/www.decathlon.fr?page=5,2025-09-05 18:52:47.923607
Monsieur LAMBERT,FR,4.0,1,"D√©cathlon de Trignac (Loire atlantique) le pire d√©cathlon de France.Mal re√ßu, demande peux √† l'accueil car non affich√©, r√©ponse de l'employ√©e :"" c'est pas affich√© ? C'est pas affich√© ??"" je lui dit non, j'attend toujour le prix de l'article.En caisse impossible d'avoir de l'aide pour activ√© mon bon de r√©duction de 10‚Ç¨.Il faut √©viter √† tout prix ce magasin aller plut√¥t √† Nantes ou pornic.",2025-07-17T16:33:59.000Z,https://fr.trustpilot.com/review/www.decathlon.fr?page=5,2025-09-05 18:52:47.923607
Marie CHANAL,FR,1.0,1,"Location v√©lo D√©cathlon, tr√®s mauvaise exp√©rience. J'essaye par tous les moyens de louer un v√©lo chez D√©cathlon, sur le papier tout semble simple mais en r√©alit√©, c'est mission impossible.En magasin, impossible d'aller au bout des d√©marches √† cause de soucis informatiques et en ligne, malgr√© la confirmation de la location, rien ne se passe.Aucun retour du service client par mail et aucun num√©ro pour les contacter.Cliente depuis tjs chez D√©cathlon, je suis tr√®s d√©√ßue du peu de support et d'aide apport√©.Conclusion, cela fait 2 semaines que j'essaye et je n'ai pas pu louer mon v√©lo...",2025-07-17T13:23:42.000Z,https://fr.trustpilot.com/review/www.decathlon.fr?page=5,2025-09-05 18:52:47.923607
Oboeuf,FR,2.0,1,"Nous avions vu une promo tr√®s int√©ressante sur un v√©lo √©lectrique notamment le mod√®le neomouv allegria 2 avec une remise de 900 ‚Ç¨ ce qui nous a d√©cid√© √† en commander 2 et l√† √† commencer la gal√®re, impossible de les faire livrer en magasin, le chef de rayon ne savait pas pourquoi malgr√© le stock disponible, nous les avons donc command√©s en ligne le 7juilletavec son aide avec une livraison √† domicile en payant les frais de livraison , le 12 juillet notre commande a √©t√© purement annul√©e sans explications,c‚Äôest inadmissible de la part d‚Äôune soci√©t√© comme d√©cathlon‚Ä¶. d‚Äôautant que nous avions d√©plac√© de l‚Äôargent pour cet achat assez cons√©quent, bravo pour la consid√©ration de la client√®le √† une √©poque o√π l‚Äôindice qualit√© doit √™tre au maximum c‚Äôest loin d‚Äô√™tre le cas chez d√©cathlon‚Ä¶.",2025-07-17T11:23:17.000Z,https://fr.trustpilot.com/review/www.decathlon.fr?page=5,2025-09-05 18:52:47.923607
Val√©rie FOUQUE,FR,10.0,1,"J‚Äôai command√© √† plusieurs reprises via le site internet avec livraison √† domicile.Il manque syst√©matiquement des articles ¬´plus disponible¬†¬ªIl serait bien que l‚Äôenseigne investisse dans un logiciel de gestion des stocks en temps r√©el.Certes, le remboursement intervient relativement vite mais quel temps de perdu !Derni√®re tentative d‚Äôachat : des chaussures de running ASICS. Dispo en ligne puis, 2 jours plus tard, rembours√©es car plus en stock üò°üò°üò°üò°",2025-07-17T07:55:28.000Z,https://fr.trustpilot.com/review/www.decathlon.fr?page=5,2025-09-05 18:52:47.923607
Romain GHD,FR,4.0,1,"antivol de cadre 900 M ART2l'antivol est performant en revanche, les cl√©s cass√©es ou perdues ne peuvent √™tre refaites.Oblig√© de d√©truire l'antivol lors de la perte ou la casse et de le changer.avis refus√© par d√©cathlon....",2025-07-16T16:06:06.000Z,https://fr.trustpilot.com/review/www.decathlon.fr?page=5,2025-09-05 18:52:47.923607
Phil,FR,7.0,1,"Je viens r√©cup√©rer un v√©lo de location, tout se passe bien. Je monte dessus une fois dehors : pneu sous gonfl√©. Je dois √©viter un pi√©ton : le guidon tourne mais pas la roue, j'ai failli prendre un mur. Pour finir, le guidon lui-m√™me est mal serr√© et quand je freine il bouge sur son axe. Decathlon me donne un v√©lo non check√© sur les points de s√©curit√© Essentiel. √áa se dit pro ? Une plainte va √™tre d√©pos√©e pour mise en danger et non-respect des obligations de s√©curit√© pour la mise a disposition d'un v√©hicule de location. CHANGEZ DE METIER",2025-07-16T14:17:56.000Z,https://fr.trustpilot.com/review/www.decathlon.fr?page=5,2025-09-05 18:52:47.923607
Lepere,FR,9.0,1,Nul ! Livraison toujours en attente...un short des chaussures pour aller dans l'eau et un maillot de bain √ßa n'est pas pour cet hiver !! Et aucun retour retour de Decathlon,2025-07-16T10:22:11.000Z,https://fr.trustpilot.com/review/www.decathlon.fr?page=5,2025-09-05 18:52:47.923607
PYDA,FR,4.0,1,"D√©sormais, il est impossible d'effectuer un retour de produit depuis le compte client. On vous fait croire qu'un coupon ""retour"" sera envoy√© par mail et qu'il faut patienter 48h.  Pas de mail, pas de coupon ou d'√©tiquette ""retour""... Apr√®s deux relances, toujours rien et on arrive tr√®s vite au d√©lai de 30 jours (cgv). Client depuis la cr√©ation de Decathlon, je vais probablement avoir ailleurs apr√®s avoir supprim√© mes comptes et donn√©es personnelles.",2025-07-15T15:36:11.000Z,https://fr.trustpilot.com/review/www.decathlon.fr?page=5,2025-09-05 18:52:47.923607
Glumanda,FR,5.0,1,"Commande FR19227280191 ‚Äì toujours pas rembours√©J‚Äôai pass√© une commande en ligne (n¬∞ FR19227280191) exp√©di√©e le 18/06/2025. Peu apr√®s l'achat, je me suis rendu compte que la taille du produit n‚Äô√©tait pas la bonne. J‚Äôai alors contact√© le service client par mail. Une conseill√®re m‚Äôa inform√© que, bien que je souhaitais annuler la commande, celle-ci avait d√©j√† √©t√© livr√©e en point relais. Elle m‚Äôa pr√©cis√© que si je ne la retirais pas, elle serait automatiquement renvoy√©e apr√®s le d√©lai de garde (8 jours) et que je serais rembours√© via le mode de paiement initial.Nous sommes aujourd‚Äôhui un mois plus tard, je n‚Äôai jamais retir√© le colis et pourtant, je n‚Äôai toujours re√ßu aucun remboursement. De plus, je ne peux pas retourner le produit en magasin puisque je ne l‚Äôai jamais eu en main. J‚Äôai renvoy√© plusieurs mails au service client mais je n‚Äôai plus re√ßu de r√©ponse. En revanche, je continue de recevoir des messages me demandant de donner mon avis sur mon exp√©rience‚Ä¶ ce que je fais aujourd‚Äôhui.Je suis tr√®s d√©√ßu par ce manque de suivi et d‚Äôassistance. J‚Äôesp√®re obtenir une r√©ponse rapidement et surtout, le remboursement d√ª.",2025-07-15T14:24:18.000Z,https://fr.trustpilot.com/review/www.decathlon.fr?page=5,2025-09-05 18:52:47.923607
Alain Dupin,FR,1.0,3,"Livraison rapide, par contre mat√©riel cass√© √† l'int√©rieur et pourtant tr√®s bien prot√©g√© donc le produit √† obligatoirement √©t√© cass√© avant conditionnement par contre il fonctionne mais Pas acceptable de la part d'une entreprise comme Decathlon. Client perdu.",2025-07-15T13:46:14.000Z,https://fr.trustpilot.com/review/www.decathlon.fr?page=5,2025-09-05 18:52:47.923607
Brigitte Buhagiar,FR,10.0,1,j'ai voulu utiliser 2 cartes pr√©pay√©es pour d√©catlon pour payer une partie de mes courses la premi√®re est pass√©e mais pour la seconde le caissier m'a dit qu'il n'arrivait pas √† l'utiliser donc j'ai r√©gl√© le compl√©ment sauf que je me suis aper√ßu quand r√©alit√© les deux cartes avaient √©t√© d√©bit√©es donc la premi√®re il l'a bien pass√© et la deuxi√®me comme il avait le code il a du l'utiliser puisque llorque je vais sur le site qui me l'a d√©livr√©e elle a √©t√© utilis√©e,2025-07-14T17:50:20.000Z,https://fr.trustpilot.com/review/www.decathlon.fr?page=5,2025-09-05 18:52:47.923607
Christophe Lafaille,FR,21.0,2,"Commande sur le site Decathlon ‚Äì d√©lais de livraison bien trop longs !J‚Äôai command√© deux bermudas le 3 juillet sur le site Decathlon, car les coloris que je voulais n‚Äô√©taient pas disponibles en magasin (Nice TNL). L‚Äôoffre en ligne √©tait int√©ressante en prenant deux articles, donc je me lance. Je choisis la livraison en magasin, pensant que ce serait plus simple.Mais nous sommes aujourd‚Äôhui le 14 juillet, et toujours rien re√ßu ! Plus de 10 jours d‚Äôattente pour une commande en ligne, alors que la majorit√© des sites proposent des livraisons en 48h, voire moins‚Ä¶ C‚Äôest vraiment d√©cevant en 2025.Le pire ? C‚Äôest qu‚Äôon ne m‚Äôa m√™me pas inform√© d‚Äôun √©ventuel retard, ni propos√© un geste commercial. Je m‚Äôattends √† un ‚Äúnous sommes d√©sol√©s, c‚Äôest la p√©riode estivale, etc.‚Äù ‚Äì mais dans ce cas, pr√©venez vos clients !Bref, si vous commandez sur le site Decathlon, ne soyez pas press√©s‚Ä¶ ou alors, priez pour que le magasin ait tout en stock, car le service en ligne, c‚Äôest pas Speedy Gonzales, c‚Äôest plut√¥t ‚Äú√† 2 √† l‚Äôheure‚Äù.",2025-07-14T12:21:08.000Z,https://fr.trustpilot.com/review/www.decathlon.fr?page=5,2025-09-05 18:52:47.923607
Riff,FR,12.0,1,"1√®re commande sur le site de maillots de bain. Trop petits . Je les renvoie le lendemain de la r√©ception le 20/06 pour √™tre rembours√©e. J‚Äôai la preuve de la Poste que le colis a √©t√© livr√© avec signature le 23/06 et depuis rien de rembours√©, aucun moyen de les joindre, aucun mail de leur part. Je ne commanderais plus rien chez eux. Une honte",2025-07-12T21:43:03.000Z,https://fr.trustpilot.com/review/www.decathlon.fr?page=5,2025-09-05 18:52:47.923607
Cl√©ment Lef√®vre,FR,1.0,3,Le v√©lo est tr√®s stable et parfait pour les d√©butants. Le montage a pris environ 1 heure avec l'aide des instructions en ligne. Seul b√©mol : les freins n√©cessitent un r√©glage minutieux apr√®s l'assemblage.,2025-07-11T09:37:29.000Z,https://fr.trustpilot.com/review/www.decathlon.fr?page=5,2025-09-05 18:52:47.923607
Philippe HONORE,FR,3.0,1,"tente achet√©e il y a trois ans, comme  toutes les ann√©es nous montons  cette tente de camping pour les enfants. √Ä notre grande surprise  le double toit c'est C'est compl√®tement d√©chir√© au montage. Il √©tait compl√®tement cuit par le soleil le mauvais temps sans doute donc vous savait vous en tenir.il faut dire aussi que vu la finesse du  mat√©riau je ne suis absolument pas surpris.  o√π sont les tentes de coton d'antan.",2025-07-10T20:14:59.000Z,https://fr.trustpilot.com/review/www.decathlon.fr?page=5,2025-09-05 18:52:47.923607
jmp,FR,21.0,1,"Impossible d imprimer l √©tiquette  retour et voici le message que je recois :Aucune exp√©dition livr√©e sur cette commande.Il est donc impossible de faire valoir son retrait de 15 jours je ne serais donc jamais rembours√©.J ai post√© un avis sur leur site sauf qu' il ne prenne pas en compte les avis n√©gatifs.Comment voulez vous vous am√©liorer si vous ne prenez pas en compte tous les avis.Le model de plateau n est pas le bon et j ai l impression d une contre fa√ßon car l emballage n est pas comme celui d origine de la marque Shimano.Plus jamais j ach√®te chez eux.Apres quelques jours d√©cathlon me demande une deuxi√®me fois comment c est pass√© mon achat lol.Je donne mon avis et voici ce que je recois .Votre avis n'a pas √©t√© accept√©Bonjour Jean Marc,Merci d‚Äôavoir pris le temps de partager votre avis. Celui-ci ne r√©pond pas aux conditions ci-dessous, il ne pourra donc pas √™tre publi√©.Si vous le souhaitez, vous pouvez le modifier.Decathlon n assume m√™me pas en gros il serait bien que je mette un bon avis m√™me si tout c est tr√®s mal pass√© trop fort.",2025-08-07T09:13:58.000Z,https://fr.trustpilot.com/review/www.decathlon.fr?page=5,2025-09-05 18:52:47.923607
Toine Gco,FR,2.0,1,D√©cathlon refuse les avis .... n√©gatifs ....,2025-07-10T12:30:09.000Z,https://fr.trustpilot.com/review/www.decathlon.fr?page=5,2025-09-05 18:52:47.923607
